millis,stamp,datetime,motion
999, 1564403146, 2019/7/29 12:25:46, Inactive
1999, 1564403147, 2019/7/29 12:25:47, Inactive
2999, 1564403148, 2019/7/29 12:25:48, Active
3999, 1564403149, 2019/7/29 12:25:49, Active
4999, 1564403150, 2019/7/29 12:25:50, Active
5999, 1564403151, 2019/7/29 12:25:51, Active
6999, 1564403152, 2019/7/29 12:25:52, Active
7999, 1564403153, 2019/7/29 12:25:53, Active
8999, 1564403154, 2019/7/29 12:25:54, Active
9999, 1564403155, 2019/7/29 12:25:55, Inactive
10999, 1564403156, 2019/7/29 12:25:56, Inactive
11999, 1564403157, 2019/7/29 12:25:57, Inactive
12999, 1564403158, 2019/7/29 12:25:58, Active
13999, 1564403159, 2019/7/29 12:25:59, Active
14999, 1564403160, 2019/7/29 12:26:0, Inactive
16000, 1564403161, 2019/7/29 12:26:1, Inactive
16999, 1564403162, 2019/7/29 12:26:2, Inactive
17999, 1564403163, 2019/7/29 12:26:3, Inactive
18999, 1564403164, 2019/7/29 12:26:4, Inactive
19999, 1564403165, 2019/7/29 12:26:5, Inactive
20999, 1564403166, 2019/7/29 12:26:6, Inactive
21999, 1564403167, 2019/7/29 12:26:7, Inactive
22999, 1564403168, 2019/7/29 12:26:8, Inactive
23999, 1564403169, 2019/7/29 12:26:9, Inactive
24999, 1564403170, 2019/7/29 12:26:10, Inactive
25999, 1564403171, 2019/7/29 12:26:11, Inactive
26999, 1564403172, 2019/7/29 12:26:12, Inactive
27999, 1564403173, 2019/7/29 12:26:13, Inactive
28999, 1564403174, 2019/7/29 12:26:14, Inactive
29999, 1564403175, 2019/7/29 12:26:15, Inactive
30999, 1564403176, 2019/7/29 12:26:16, Inactive
32000, 1564403177, 2019/7/29 12:26:17, Inactive
32999, 1564403178, 2019/7/29 12:26:18, Inactive
33999, 1564403179, 2019/7/29 12:26:19, Inactive
34998, 1564403180, 2019/7/29 12:26:20, Inactive
35999, 1564403181, 2019/7/29 12:26:21, Inactive
36999, 1564403182, 2019/7/29 12:26:22, Inactive
37999, 1564403183, 2019/7/29 12:26:23, Active
39000, 1564403184, 2019/7/29 12:26:24, Active
39998, 1564403185, 2019/7/29 12:26:25, Active
40999, 1564403186, 2019/7/29 12:26:26, Active
41999, 1564403187, 2019/7/29 12:26:27, Active
42999, 1564403188, 2019/7/29 12:26:28, Active
43999, 1564403189, 2019/7/29 12:26:29, Inactive
44999, 1564403190, 2019/7/29 12:26:30, Inactive
46000, 1564403191, 2019/7/29 12:26:31, Inactive
46999, 1564403192, 2019/7/29 12:26:32, Inactive
48000, 1564403193, 2019/7/29 12:26:33, Inactive
48999, 1564403194, 2019/7/29 12:26:34, Inactive
49999, 1564403195, 2019/7/29 12:26:35, Inactive
50999, 1564403196, 2019/7/29 12:26:36, Inactive
51999, 1564403197, 2019/7/29 12:26:37, Inactive
52999, 1564403198, 2019/7/29 12:26:38, Inactive
53999, 1564403199, 2019/7/29 12:26:39, Inactive
55000, 1564403200, 2019/7/29 12:26:40, Inactive
55999, 1564403201, 2019/7/29 12:26:41, Inactive
56999, 1564403202, 2019/7/29 12:26:42, Inactive
57999, 1564403203, 2019/7/29 12:26:43, Inactive
58999, 1564403204, 2019/7/29 12:26:44, Inactive
59999, 1564403205, 2019/7/29 12:26:45, Inactive
60999, 1564403206, 2019/7/29 12:26:46, Inactive
61999, 1564403207, 2019/7/29 12:26:47, Inactive
62999, 1564403208, 2019/7/29 12:26:48, Inactive
63998, 1564403209, 2019/7/29 12:26:49, Inactive
64999, 1564403210, 2019/7/29 12:26:50, Inactive
65999, 1564403211, 2019/7/29 12:26:51, Inactive
66999, 1564403212, 2019/7/29 12:26:52, Inactive
67999, 1564403213, 2019/7/29 12:26:53, Inactive
68999, 1564403214, 2019/7/29 12:26:54, Inactive
69999, 1564403215, 2019/7/29 12:26:55, Inactive
70999, 1564403216, 2019/7/29 12:26:56, Inactive
71999, 1564403217, 2019/7/29 12:26:57, Inactive
72999, 1564403218, 2019/7/29 12:26:58, Inactive
73999, 1564403219, 2019/7/29 12:26:59, Inactive
74999, 1564403220, 2019/7/29 12:27:0, Inactive
75999, 1564403221, 2019/7/29 12:27:1, Inactive
76999, 1564403222, 2019/7/29 12:27:2, Inactive
77999, 1564403223, 2019/7/29 12:27:3, Inactive
78999, 1564403224, 2019/7/29 12:27:4, Inactive
80000, 1564403225, 2019/7/29 12:27:5, Inactive
80999, 1564403226, 2019/7/29 12:27:6, Inactive
81999, 1564403227, 2019/7/29 12:27:7, Inactive
82999, 1564403228, 2019/7/29 12:27:8, Inactive
83999, 1564403229, 2019/7/29 12:27:9, Inactive
84999, 1564403230, 2019/7/29 12:27:10, Inactive
85999, 1564403231, 2019/7/29 12:27:11, Inactive
87000, 1564403232, 2019/7/29 12:27:12, Inactive
87999, 1564403233, 2019/7/29 12:27:13, Inactive
88999, 1564403234, 2019/7/29 12:27:14, Inactive
89999, 1564403235, 2019/7/29 12:27:15, Inactive
90999, 1564403236, 2019/7/29 12:27:16, Inactive
91998, 1564403237, 2019/7/29 12:27:17, Inactive
92999, 1564403238, 2019/7/29 12:27:18, Inactive
93999, 1564403239, 2019/7/29 12:27:19, Inactive
94999, 1564403240, 2019/7/29 12:27:20, Inactive
95998, 1564403241, 2019/7/29 12:27:21, Inactive
96999, 1564403242, 2019/7/29 12:27:22, Inactive
97999, 1564403243, 2019/7/29 12:27:23, Inactive
98999, 1564403244, 2019/7/29 12:27:24, Inactive
99999, 1564403245, 2019/7/29 12:27:25, Inactive
100999, 1564403246, 2019/7/29 12:27:26, Inactive
101999, 1564403247, 2019/7/29 12:27:27, Inactive
103000, 1564403248, 2019/7/29 12:27:28, Inactive
103999, 1564403249, 2019/7/29 12:27:29, Inactive
104999, 1564403250, 2019/7/29 12:27:30, Inactive
105999, 1564403251, 2019/7/29 12:27:31, Inactive
106999, 1564403252, 2019/7/29 12:27:32, Inactive
107999, 1564403253, 2019/7/29 12:27:33, Inactive
108999, 1564403254, 2019/7/29 12:27:34, Inactive
109999, 1564403255, 2019/7/29 12:27:35, Inactive
110999, 1564403256, 2019/7/29 12:27:36, Inactive
112000, 1564403257, 2019/7/29 12:27:37, Inactive
112999, 1564403258, 2019/7/29 12:27:38, Inactive
113999, 1564403259, 2019/7/29 12:27:39, Inactive
114999, 1564403260, 2019/7/29 12:27:40, Inactive
115999, 1564403261, 2019/7/29 12:27:41, Inactive
116999, 1564403262, 2019/7/29 12:27:42, Inactive
117999, 1564403263, 2019/7/29 12:27:43, Inactive
119000, 1564403264, 2019/7/29 12:27:44, Inactive
119999, 1564403265, 2019/7/29 12:27:45, Inactive
120999, 1564403266, 2019/7/29 12:27:46, Inactive
121999, 1564403267, 2019/7/29 12:27:47, Inactive
122999, 1564403268, 2019/7/29 12:27:48, Inactive
123999, 1564403269, 2019/7/29 12:27:49, Inactive
124999, 1564403270, 2019/7/29 12:27:50, Inactive
126000, 1564403271, 2019/7/29 12:27:51, Inactive
126999, 1564403272, 2019/7/29 12:27:52, Inactive
128000, 1564403273, 2019/7/29 12:27:53, Inactive
128999, 1564403274, 2019/7/29 12:27:54, Inactive
129999, 1564403275, 2019/7/29 12:27:55, Inactive
130999, 1564403276, 2019/7/29 12:27:56, Inactive
131999, 1564403277, 2019/7/29 12:27:57, Inactive
132999, 1564403278, 2019/7/29 12:27:58, Inactive
133999, 1564403279, 2019/7/29 12:27:59, Inactive
135000, 1564403280, 2019/7/29 12:28:0, Inactive
135999, 1564403281, 2019/7/29 12:28:1, Inactive
136999, 1564403282, 2019/7/29 12:28:2, Inactive
137999, 1564403283, 2019/7/29 12:28:3, Inactive
138999, 1564403284, 2019/7/29 12:28:4, Inactive
139999, 1564403285, 2019/7/29 12:28:5, Inactive
140999, 1564403286, 2019/7/29 12:28:6, Inactive
141999, 1564403287, 2019/7/29 12:28:7, Inactive
142999, 1564403288, 2019/7/29 12:28:8, Inactive
144000, 1564403289, 2019/7/29 12:28:9, Inactive
144998, 1564403290, 2019/7/29 12:28:10, Inactive
145999, 1564403291, 2019/7/29 12:28:11, Inactive
146999, 1564403292, 2019/7/29 12:28:12, Inactive
147999, 1564403293, 2019/7/29 12:28:13, Inactive
149000, 1564403294, 2019/7/29 12:28:14, Inactive
149999, 1564403295, 2019/7/29 12:28:15, Active
150999, 1564403296, 2019/7/29 12:28:16, Active
151999, 1564403297, 2019/7/29 12:28:17, Active
152999, 1564403298, 2019/7/29 12:28:18, Active
153999, 1564403299, 2019/7/29 12:28:19, Active
154999, 1564403300, 2019/7/29 12:28:20, Active
155999, 1564403301, 2019/7/29 12:28:21, Inactive
156999, 1564403302, 2019/7/29 12:28:22, Inactive
157999, 1564403303, 2019/7/29 12:28:23, Active
158999, 1564403304, 2019/7/29 12:28:24, Active
160000, 1564403305, 2019/7/29 12:28:25, Active
160999, 1564403306, 2019/7/29 12:28:26, Inactive
161999, 1564403307, 2019/7/29 12:28:27, Inactive
162999, 1564403308, 2019/7/29 12:28:28, Active
163999, 1564403309, 2019/7/29 12:28:29, Active
164999, 1564403310, 2019/7/29 12:28:30, Active
165999, 1564403311, 2019/7/29 12:28:31, Active
166999, 1564403312, 2019/7/29 12:28:32, Active
167999, 1564403313, 2019/7/29 12:28:33, Inactive
168999, 1564403314, 2019/7/29 12:28:34, Inactive
169999, 1564403315, 2019/7/29 12:28:35, Inactive
170998, 1564403316, 2019/7/29 12:28:36, Inactive
171999, 1564403317, 2019/7/29 12:28:37, Inactive
172999, 1564403318, 2019/7/29 12:28:38, Inactive
174000, 1564403319, 2019/7/29 12:28:39, Inactive
174999, 1564403320, 2019/7/29 12:28:40, Active
176000, 1564403321, 2019/7/29 12:28:41, Active
176999, 1564403322, 2019/7/29 12:28:42, Active
177999, 1564403323, 2019/7/29 12:28:43, Active
178999, 1564403324, 2019/7/29 12:28:44, Active
179999, 1564403325, 2019/7/29 12:28:45, Active
